www.ainabuben.ru; 0; Религия/Ислам/Буддизм/Общество/Язычество
kupisait24.com; 0; Games/Video_Games/Computers/Top/Programming
tronswag.com; 0; 
tronswag.com; 0; 
active-keys.ru; 0; Игры/Видеомонтаж/Интерфейс/Hi-Tech/Развлечения
fim.top1.pp.ua; 0; Путеводители/Прочее/Туризм/Фотография/Фото стран и городов/Культура/Отдых
arkadiy-kobyakov.com; 0; Скачать музыку/Музыка/Культура
davidgvana.ru; 0; Временная и удаленная работа/Прочее/Бизнес/Деловые услуги/Менеджмент и консалтинг/Работа
doremihost.ru; 0; Справки/Мобильные приложения/Универсальное/Погода/Hi-Tech/Мобильная связь/Культура
www.rahgoshagohestan.ir; 0; 
studylie.ru; 0; Интернет/Курсы/Поисковые системы/Hi-Tech/Повышение квалификации/Работа/Работа для студентов/Учёба
6a51691a-f7cc-4972-a772-c5e4703410b9.htmlcomponentservice.com; 0; 
zelenykh.ru; 0; Создание сайтов/Интернет/Реклама в интернете/Бизнес/Реклама/Hi-Tech
dim-tim.com; 0; Реклама/Реклама в интернете/Бизнес
new-piter-zhk.ru; 0; Бизнес/Базы недвижимости/Агентства недвижимости/Недвижимость
f0226764.xsph.ru; 0; Games/Video_Games/Computers/Top/Programming
gsmart77.ru; 0; Все для офиса/Прочее/Бизнес/Покупки/Дом
lersoft.ru; 0; Business/Education/Health/Computers/Professions/Top/Business_Services
r21media.pro; 0; Music/Business/Arts/Arts_and_Entertainment/Top/Shopping
kashyapyoga.blogspot.com; 0; Arts/Religion_and_Spirituality/Performing_Arts/Asia/Top/Regional/Society
www.bitcoin-masters.club; 0; Arts/Scouting/Performing_Arts/Recreation/Top
stuff24.city; 0; Продажа автомобилей/Справки/Авто/Афиша/Японские авто
bitva; 0; Emulators/Games/Video_Games/Computers/Top/Programming
niyaz.zzz.com.ua; 0; Справки/Спорт/Энциклопедии/Соревнования
an-olimp.com; 20; Недвижимость/Жилищное строительство/Бизнес/Строительство/Ипотека/Недвижимость от застройщиков
www.vyzov.biz; 0; Отдых/Спорт/Зимние виды спорта/Виндсерфинг и кайтинг/Горные лыжи, сноуборд/Туризм/Экстремальный спорт/Спортивный туризм
ed-script.pro; 0; Создание сайтов/Интернет/Универсальное/Программы/Софт/Hi-Tech/Культура
ssov.local; 0; Top/Games/Video_Games/Computers/Emulators/Programming
xn--196-5cdaahhb8bc8a8cb8bnt.xn--p1ai; 0; Справки/Авиационный транспорт/Транспорт
georgiev.travel; 0; Отправка SMS/Автоматизация бизнеса/Бизнес/Деловые услуги/Hi-Tech/Мобильная связь/Юридические услуги
xn--1-8sbmqth.com; 0; Интернет/Хостинги/Прочее/Сети и связь/Hi-Tech
parallels-dn.ru; 0; Уборка офиса/Все для офиса/Бизнес/Реклама/Рекламные услуги/Выставочные стенды
sila-dt.ru; 0; Уборка офиса/Все для офиса/Бизнес/Покупки/Бытовые услуги/Дом/Бытовая техника
atom-s-alvoro.c9users.io; 0; Arts/Top/Crafts/Comics/Online_Writing
turkmentravel.info; 0; Справки/Туризм/Транспорт/Поиск попутчика/Отдых
win4coin.com; 0; Adult/Business/Fitness/Health/Top
magelan-import.com; 10; Квартира и дача/Бизнес/Строительство/Дом/Стройматериалы
www.4vientos.org; 0; Religion_and_Spirituality/Health/Top/Society/Alternative
pridetravel.club; 0; Hardware/Computers/Software/Top/Programming
samico-servis.ru; 0; Все для офиса/Покупки/Бытовые услуги/Уборка офиса/Бизнес/Дом/Бытовая техника
hydroplazma.tilda.ws; 0; Справки/Народная и нетрадиционная медицина/Медицинские энциклопедии/Дом/Энциклопедии/Здоровье
shoptextile.uz; 0; Одежда, обувь, аксессуары/Дом/Покупки
www.kidsedu.ir; 0; 
www.wildmanwoman.ru; 0; Непознанное/Прочее/Психологические тесты/Социальные сети/Развлечения
dvcarrot.ru; 0; Создание сайтов/Интернет/Электронная почта/Hi-Tech
sportavsem.ru; 0; 
partexpress.su; 0; Авто/Спорт/Зимние виды спорта/Запчасти, аксессуары/Интернет-магазины/Экстремальный спорт
beru-buket.ru; 0; Прочее/Изобразительные искусства/Все для праздника/Продажа предметов искусства/Культура/Доставка цветов/Дом
cosmicbead.ru; 0; Изобразительные искусства/Производство и поставки/Продажа предметов искусства/Культура/Бизнес/Предметы потребления/Мода и красота/Дом/Украшения
dizain.work; 0; Временная и удаленная работа/Бизнес/Реклама/Рекламные услуги/Работа
bez-krizisa.ru; 10; Справки/Спорт/Поиск людей/Юмор/Баскетбол/Развлечения
lapiel.ru; 0; Производство и поставки/Бизнес/Предметы потребления
kaskadtaxi.ru; 0; Законы/Автоматизация бизнеса/Бизнес/Деловые услуги/Законодательство РФ/Общество/Юридические услуги
kovkasvarog.ru; 10; Квартира и дача/Строительство/Бизнес/Стройматериалы/Дом
smenastation.com; 0; Прочее/Науки/Знакомства/Гуманитарные науки/Развлечения/Непознанное/Брачные агентства/Учёба
it-medic.org; 0; CAD_and_CAM/Computers/Internet/Top
makmalskhot.blogspot.com; 0; 
9627580260.myjino.ru; 0; Спорт/Зимние виды спорта/Горные лыжи, сноуборд/Экстремальный спорт
hydroplazma.tilda.ws; 0; Справки/Народная и нетрадиционная медицина/Медицинские энциклопедии/Дом/Энциклопедии/Здоровье
hitachi.ru.com; 0; Спорт/Зимние виды спорта/Горные лыжи, сноуборд/Экстремальный спорт
saunaberloga.ru; 0; 
xn----7sbpyczdemk0h.xn--p1ai; 0; Визы и паспорта/Туризм/Туры и экскурсии/Отдых
grandsoftmarket.ru; 10; Создание сайтов/Интернет/Реклама в интернете/Бизнес/Реклама/Hi-Tech
nik-es.com; 0; Справки/Спорт/Летние виды спорта/Энциклопедии
easysert24.ru; 0; Работа/Работа для студентов
visoft.uz; 0; Справки/Мобильные приложения/Погода/Словари/Hi-Tech/Мобильная связь
mehed.pro; 0; Все для офиса/Покупки/Бытовые услуги/Уборка офиса/Бизнес/Дом/Бытовая техника
abcgames.org; 0; Научно-популярные журналы/Учебные материалы/Флешмоб/Науки/Юмор/Уроки и тесты онлайн/Развлечения/Учёба
itcrown.ru; 0; 
potolki-legko.ru; 0; Hardware/Computers/Software/Top/Programming
vkbroker.ru; 10; Временная и удаленная работа/Покупки/Работа/Бытовые услуги/Дом
5b7165801f12b73e60ca451e.peaceful-lichterman-93fb25.netlify.com; 0; 
v31regione.ru; 10; Бизнес/Базы недвижимости/Недвижимость
lny.com.ru.local; 0; Top/Computers/Software/Emulators/Programming
xn--80a1bdk.xn--p1ai; 0; Квартира и дача/Кулинария/Рецепты/Безалкогольные напитки/Дом/Дача и участок
winches.top; 10; Авто/Спорт/Запчасти, аксессуары/Зимние виды спорта/Интернет-магазины/Инструменты/Покупки/Дом
xn----8sbkgxiqdrueu3a6f.xn--p1ai; 0; Законы/Бизнес/Деловые услуги/Общество/Юридические услуги
seldon.org; 0; Работа для IT-специалистов/Работа
august4u.top; 0; Arts/Top/Crafts/Comics/Online_Writing
www.petrlizunov.com; 0; Живопись/Виртуальные галереи/Изобразительные искусства/Продажа предметов искусства/Культура
personhunters.com; 0; Универсальное/Бизнес/Деловые услуги/Вакансии и резюме/Работа
panda-vbg.ru; 0; Спорт/Зимние виды спорта/Дом/Покупки/Продукты и напитки/Экстремальный спорт
dizain.express; 0; Власть/Флешмоб/Общество/Юмор/Развлечения
mahra.pro; 0; Спорт/Покупки/Мебель и интерьер/Спортивная одежда, обувь/Одежда, обувь, аксессуары/Спортивные товары/Дом
gelllak.ru; 0; Парфюмерия/Мода и красота/Салоны красоты/Дом
sport-drugs.com; 0; Все для офиса/Бизнес/Дом/Покупки/Бытовые услуги/Курьерские службы
researchparks.org; 0; Дистанционное образование/Прочее/Курсы/Учёба
elitecoral.ru; 0; Туризм/Туры и экскурсии/Поиск попутчика/Отдых
www.ainabuben.ru; 0; Язычество/Буддизм/Религия/Ислам/Общество
kupisait24.com; 0; Programming/Computers/Video_Games/Top/Games
www.ainabuben.ru; 0; Ислам/Язычество/Общество/Религия/Буддизм
kupisait24.com; 0; Programming/Computers/Games/Top/Video_Games
tronswag.com; 0; 
tronswag.com; 0; 
www.ainabuben.ru; 0; Ислам/Общество/Религия/Буддизм/Язычество
kupisait24.com; 0; Programming/Games/Computers/Video_Games/Top
www.ainabuben.ru; 0; Ислам/Буддизм/Религия/Язычество/Общество
kupisait24.com; 0; Video_Games/Top/Games/Computers/Programming
tronswag.com; 0; 
tronswag.com; 0; 
active-keys.ru; 0; Hi-Tech/Развлечения/Интерфейс/Видеомонтаж
fim.top1.pp.ua; 0; Путеводители/Фото стран и городов/Туризм/Прочее/Отдых/Культура/Фотография
arkadiy-kobyakov.com; 0; Культура/Скачать музыку/Музыка
davidgvana.ru; 0; Работа/Прочее/Менеджмент и консалтинг/Бизнес/Временная и удаленная работа/Деловые услуги
doremihost.ru; 0; Универсальное/Культура/Hi-Tech/Справки/Мобильная связь/Мобильные приложения/Погода
www.rahgoshagohestan.ir; 0; 
studylie.ru; 0; Курсы/Работа/Интернет/Повышение квалификации/Работа для студентов/Учёба/Hi-Tech/Поисковые системы
6a51691a-f7cc-4972-a772-c5e4703410b9.htmlcomponentservice.com; 0; 
zelenykh.ru; 0; Реклама/Hi-Tech/Интернет/Реклама в интернете/Бизнес/Создание сайтов
dim-tim.com; 0; Бизнес/Реклама/Реклама в интернете
new-piter-zhk.ru; 0; Недвижимость/Базы недвижимости/Агентства недвижимости/Бизнес
f0226764.xsph.ru; 0; Video_Games/Top/Games/Computers/Programming
gsmart77.ru; 0; Дом/Покупки/Прочее/Все для офиса/Бизнес
lersoft.ru; 0; Business_Services/Professions/Top/Health/Business/Education/Computers
r21media.pro; 0; Music/Shopping/Top/Arts_and_Entertainment/Business/Arts
kashyapyoga.blogspot.com; 0; Top/Performing_Arts/Arts/Regional/Asia/Religion_and_Spirituality/Society
www.bitcoin-masters.club; 0; Top/Performing_Arts/Arts/Scouting/Recreation
stuff24.city; 0; Японские авто/Справки/Продажа автомобилей/Афиша/Авто
bitva; 0; Video_Games/Top/Games/Computers/Emulators/Programming
niyaz.zzz.com.ua; 0; Спорт/Соревнования/Энциклопедии/Справки
an-olimp.com; 20; Недвижимость/Жилищное строительство/Недвижимость от застройщиков/Строительство/Бизнес/Ипотека
www.vyzov.biz; 0; Зимние виды спорта/Спортивный туризм/Спорт/Туризм/Отдых/Виндсерфинг и кайтинг/Горные лыжи, сноуборд/Экстремальный спорт
ed-script.pro; 0; Универсальное/Софт/Hi-Tech/Интернет/Культура/Создание сайтов/Программы
ssov.local; 0; Video_Games/Top/Games/Computers/Emulators/Programming
xn--196-5cdaahhb8bc8a8cb8bnt.xn--p1ai; 0; Авиационный транспорт/Справки/Транспорт
georgiev.travel; 0; Автоматизация бизнеса/Юридические услуги/Мобильная связь/Hi-Tech/Отправка SMS/Бизнес/Деловые услуги
xn--1-8sbmqth.com; 0; Интернет/Сети и связь/Прочее/Hi-Tech/Хостинги
parallels-dn.ru; 0; Реклама/Бизнес/Все для офиса/Уборка офиса/Рекламные услуги/Выставочные стенды
sila-dt.ru; 0; Бытовые услуги/Покупки/Дом/Все для офиса/Бытовая техника/Уборка офиса/Бизнес
atom-s-alvoro.c9users.io; 0; Hi-Tech/Прочее/Бизнес/Интерфейс/Видеомонтаж
turkmentravel.info; 0; Туризм/Отдых/Справки/Поиск попутчика/Транспорт
win4coin.com; 0; Health/Top/Business/Adult/Fitness
magelan-import.com; 10; Дом/Квартира и дача/Строительство/Бизнес/Стройматериалы
www.4vientos.org; 0; Top/Health/Religion_and_Spirituality/Alternative/Society
pridetravel.club; 0; Software/Computers/Top/Hardware/Programming
samico-servis.ru; 0; Все для офиса/Бизнес/Дом/Покупки/Бытовые услуги/Бытовая техника/Уборка офиса
hydroplazma.tilda.ws; 0; Медицинские энциклопедии/Дом/Энциклопедии/Справки/Здоровье/Народная и нетрадиционная медицина
shoptextile.uz; 0; Дом/Покупки/Одежда, обувь, аксессуары
www.kidsedu.ir; 0; 
www.wildmanwoman.ru; 0; Социальные сети/Прочее/Непознанное/Развлечения/Психологические тесты
dvcarrot.ru; 0; Интернет/Hi-Tech/Электронная почта/Создание сайтов
sportavsem.ru; 0; Спорт/Тренажеры/Дом/Покупки/Прочее/Спортивные товары/Спортивные магазины
partexpress.su; 0; Зимние виды спорта/Интернет-магазины/Спорт/Запчасти, аксессуары/Авто/Экстремальный спорт
beru-buket.ru; 0; Дом/Прочее/Продажа предметов искусства/Доставка цветов/Изобразительные искусства/Культура/Все для праздника
cosmicbead.ru; 0; Производство и поставки/Бизнес/Мода и красота/Предметы потребления/Дом/Украшения/Продажа предметов искусства/Изобразительные искусства/Культура
dizain.work; 0; Реклама/Работа/Бизнес/Рекламные услуги/Временная и удаленная работа
bez-krizisa.ru; 10; Юмор/Спорт/Справки/Развлечения/Поиск людей/Баскетбол
lapiel.ru; 0; Бизнес/Предметы потребления/Производство и поставки
kaskadtaxi.ru; 0; Автоматизация бизнеса/Юридические услуги/Законы/Законодательство РФ/Бизнес/Общество/Деловые услуги
kovkasvarog.ru; 10; Дом/Строительство/Стройматериалы/Бизнес/Квартира и дача
smenastation.com; 0; Науки/Развлечения/Знакомства/Прочее/Непознанное/Гуманитарные науки/Учёба/Брачные агентства
it-medic.org; 0; Internet/Top/CAD_and_CAM/Computers
makmalskhot.blogspot.com; 0; 
9627580260.myjino.ru; 0; Зимние виды спорта/Спорт/Горные лыжи, сноуборд/Экстремальный спорт
hydroplazma.tilda.ws; 0; Медицинские энциклопедии/Дом/Энциклопедии/Справки/Здоровье/Народная и нетрадиционная медицина
hitachi.ru.com; 0; Зимние виды спорта/Спорт/Горные лыжи, сноуборд/Экстремальный спорт
saunaberloga.ru; 0; 
xn----7sbpyczdemk0h.xn--p1ai; 0; Туризм/Отдых/Туры и экскурсии/Визы и паспорта
grandsoftmarket.ru; 10; Реклама/Интернет/Бизнес/Реклама в интернете/Hi-Tech/Создание сайтов
nik-es.com; 0; Спорт/Энциклопедии/Справки/Летние виды спорта
easysert24.ru; 0; Работа для студентов/Работа
visoft.uz; 0; Hi-Tech/Словари/Справки/Мобильная связь/Мобильные приложения/Погода
mehed.pro; 0; Все для офиса/Бизнес/Бытовые услуги/Дом/Покупки/Бытовая техника/Уборка офиса
abcgames.org; 0; Учебные материалы/Юмор/Флешмоб/Уроки и тесты онлайн/Науки/Учёба/Научно-популярные журналы/Развлечения
itcrown.ru; 0; 
potolki-legko.ru; 0; Software/Computers/Top/Hardware/Programming
vkbroker.ru; 10; Бытовые услуги/Дом/Покупки/Работа/Временная и удаленная работа
5b7165801f12b73e60ca451e.peaceful-lichterman-93fb25.netlify.com; 0; 
v31regione.ru; 10; Недвижимость/Базы недвижимости/Бизнес
lny.com.ru.local; 0; Software/Top/Computers/Emulators/Programming
xn--80a1bdk.xn--p1ai; 0; Дом/Рецепты/Дача и участок/Безалкогольные напитки/Кулинария/Квартира и дача
winches.top; 10; Инструменты/Интернет-магазины/Дом/Покупки/Запчасти, аксессуары/Зимние виды спорта/Спорт/Авто
xn----8sbkgxiqdrueu3a6f.xn--p1ai; 0; Юридические услуги/Законы/Бизнес/Общество/Деловые услуги
seldon.org; 0; Работа для IT-специалистов/Работа
august4u.top; 0; Спорт/Соревнования/Энциклопедии/Справки
www.petrlizunov.com; 0; Живопись/Продажа предметов искусства/Изобразительные искусства/Культура/Виртуальные галереи
personhunters.com; 0; Универсальное/Работа/Бизнес/Вакансии и резюме/Деловые услуги
panda-vbg.ru; 0; Зимние виды спорта/Дом/Спорт/Покупки/Продукты и напитки/Экстремальный спорт
dizain.express; 0; Юмор/Флешмоб/Развлечения/Общество/Власть
mahra.pro; 0; Спорт/Спортивная одежда, обувь/Дом/Покупки/Спортивные товары/Мебель и интерьер/Одежда, обувь, аксессуары
gelllak.ru; 0; Дом/Парфюмерия/Мода и красота/Салоны красоты
sport-drugs.com; 0; Бытовые услуги/Дом/Покупки/Курьерские службы/Все для офиса/Бизнес
researchparks.org; 0; Прочее/Учёба/Курсы/Дистанционное образование
elitecoral.ru; 0; Туризм/Отдых/Туры и экскурсии/Поиск попутчика
powersystem21.blogfa.com; 0; 
soglik.uz; 0; Литература/Универсальное/Hi-Tech/Музыка/Культура/Литературные издания/Скачать музыку
spb1.hosting.reg.ru; 0; Software/Computers/Top/Hardware/Programming
upcofficial.ml; 0; 
portfolio; 0; Video_Games/Top/Games/Computers/Programming
vertikal-dombay.ru; 0; 
himik24.ru; 0; Дом/Покупки/Предметы потребления/Бытовая техника/Производство и поставки/Интернет-аптеки/Бизнес/Здоровье
marifrtz.com; 0; 
copy.purehimalayanshilajit.com; 0; Top/Programming/Computers/Emulators/Software
moeinmollaee.ir; 0; Regional/Top/Visual_Arts/Arts/Europe/Crafts
gamingaccounts.pro; 0; Video_Games/Health/Top/Medicine/Games/Kids_and_Teens
lp215388.myflexbe.com; 0; Software/Computers/Top/Hardware/Programming
letsgoabroad.ir; 0; 
xn--b1ademkyl6b.xn--p1ai; 0; Все для офиса/Бизнес/Бытовые услуги/Дом/Покупки/Бытовая техника/Уборка офиса
radiochi.ir; 0; 
appsaz.pro; 0; 
spb1.hosting.reg.ru; 0; Software/Computers/Top/Hardware/Programming
4sides.org; 0; Звукозапись, продюсеры, агентства/Культура/Музыка
ua.armor42.com; 0; Video_Games/Top/Games/Computers/Emulators/Programming
24dengi.online; 0; Дом/Курьерские службы/Все для офиса/Прочее/Лекарства и товары для здоровья/Бизнес/Здоровье
shopitoo.ir; 0; 
www.rymax-store.ru; 0; Интернет-магазины/Запчасти, аксессуары/Автозапчасти/Шины и диски/Авто
www.xn---42-9cdtb6be2m.xn--p1ai; 0; Сантехника/Дом/Покупки/Мебель и интерьер/Стройматериалы/Квартира и дача
tutwood.ru; 0; Дом/Покупки/Прочее/Продажа предметов искусства/Мебель и интерьер/Изобразительные искусства/Культура
site-online.pp.ua; 0; Top/Arts/Online_Writing/Comics/Crafts
royal-vent.by; 0; 
topstaff.tilda.ws; 0; 
zimawear.ru; 0; Развлечения/Эротика
vetmenu.tilda.ws; 0; Дом/Покупки/Продукты и напитки/Продукты/Кулинария/Доставка еды
usavisa.by; 0; Все для офиса/Бизнес/Бытовые услуги/Дом/Покупки/Бытовая техника/Уборка офиса
mycom.0000.uz; 0; Top/Arts/Online_Writing/Comics/Crafts
eskiz.uz; 30; 
iamdmi.ru; 0; Юмор/Науки/Учёба/Развлечения/Гуманитарные науки/Общество/Власть
www.lux-aeterna.it; 0; Auctions/Shopping/Top/Hospitality/Business/Consumer_Goods_and_Services
mycom.0000.uz; 0; Мобильная связь/Планшеты/Компьютеры/Hi-Tech/Мониторы/Мобильные телефоны
exhurghada.com; 10; Туризм/Отдых/Туры и экскурсии/Новогодние туры/Визы и паспорта
oxford-edu.uz; 0; 
flamecame.com.ua; 0; Дом/Сделай сам/Строительство/Бизнес/Квартира и дача
buygunbot.com; 0; Shopping/Top/Performing_Arts/Arts/People/Publications/Society
kamikra.ru; 0; Дом/Покупки/Продукты и напитки
tribrata.ru; 0; Зимние виды спорта/Спортивный туризм/Спорт/Туризм/Отдых/Горные лыжи, сноуборд
gunbotuniversity.com; 0; Internet/Opportunities/Top/Business/Financial_Services/Computers
lessoner.com; 0; Software/Computers/Top/Hardware/Programming
virkoin.ru; 20; Дом/Музыкальные инструменты/Прочее/Музыка/Культура
smozi.ru; 20; Дом/Покупки/Универсальное/Родителям/Семья
edelmarket.ru; 30; Sports/Top/Regional/Football/Europe/Government/Society
croop.ru; 30; Дом/Покупки/Хозтовары, бытовая химия/Бытовая техника
teddykids.ru; 0; Дом/Покупки/Интернет-магазины/Запчасти, аксессуары/Одежда, обувь, аксессуары/Авто/Скидки, дисконтные системы
pozhbez21.ru; 0; Дом/Квартира и дача/Покупки/Кондиционеры и обогреватели/Строительство/Бизнес/Инженерные системы
www.lang-online.pl; 0; Иностранные языки/Учёба/Курсы/Авто/Подготовка водителей/Автошколы
newcent.ch; 0; Transportation_and_Logistics/Top/Business
xn--80aaaac8bocesjbpjc4ah4u.xn--p1ai; 0; Дом/Инженерные системы/Квартира и дача
fehral-nihrom.ru; 0; Курьерские службы/Все для офиса/Бизнес/Бытовые услуги/Дом/Покупки/Уборка офиса
spirali54.ru; 10; Курьерские службы/Все для офиса/Бизнес/Бытовые услуги/Дом/Покупки/Уборка офиса
akvadistillyator.com; 0; Дом/Квартира и дача/Производство и поставки/Бизнес/Инженерные системы/Электроника и электротехника/Строительство
turkmentravel.info; 0; Туризм/Отдых/Справки/Поиск попутчика/Транспорт
www.cweb.uz; 0; 
zakazatbistro.ru; 0; Shopping/Top/Clothing/Business/Consumer_Goods_and_Services
paritetcompany.com; 30; Ремонт и отделка/Бизнес/Строительство
opikunky.com; 0; Литература/Интеллектуальные игры/Спорт/Европейские авто/Продажа автомобилей/Культура/Литературные издания/Авто
skymod.xyz; 0; Интернет/Бытовые услуги/Дом/Покупки/Бытовая техника/Hi-Tech/Создание сайтов
copy.purehimalayanshilajit.com; 0; Top/Programming/Computers/Emulators/Software
cdn.philly.cloud; 0; Newspapers/Music/News/Top/Arts/Regional/Asia
www.iranakdeniz.com; 0; 
lp-get.ru; 0; Ремонт/Компьютерные барахолки/Компьютеры/Hi-Tech
fxtrainingacademy.com; 0; 
remont164.ru; 0; Все для офиса/Бизнес/Квартира и дача/Бытовые услуги/Дом/Покупки/Ремонт/Уборка офиса
home87.ru; 0; Культура/Мобильная связь/Мобильные телефоны/Аудио-, видео- и фототехника/Дом/Покупки/Фотоаппараты/Hi-Tech/Фотография
lab-term.ru; 40; Дом/Покупки/Бытовая техника/Строительство/Бизнес/Квартира и дача
streetdrift.com.ua; 0; Зимние виды спорта/Спорт/Мотоспорт/Летние виды спорта/Беговые лыжи/Автоспорт
maxcar.es; 0; 
www.parandehgharib.ir; 0; 
vivat39.ru; 0; Сантехника/Дом/Квартира и дача/Строительство/Бизнес/Стройматериалы
baranovichi.by; 0; Адреса и телефоны/СМИ/Универсальное/Прочее/Справки
vape87.ru; 0; Интернет-магазины/Спорт/Запчасти, аксессуары/Спортивная одежда, обувь/Авто/Дом/Покупки/Спортивные товары/Одежда, обувь, аксессуары
sporttovary59.ru; 60; Настольный теннис/Спорт/Ролики, скейтборды/Спортивные товары/Летние виды спорта/Спортивные магазины
trend-collection.com.ua; 10; Дом/Покупки/Одежда, обувь, аксессуары
opikunky.com; 0; Литература/Интеллектуальные игры/Спорт/Европейские авто/Продажа автомобилей/Культура/Литературные издания/Авто
www.grankin.ru; 60; Законодательная власть/Исполнительная власть/Общество/Власть
www.mersifile.com; 0; 
e3be3e12-0ec9-466c-ab35-4a080d0bde41.htmlcomponentservice.com; 0; 
ad.m-lab.com.ua; 0; Реклама/Hi-Tech/Интернет/Реклама в интернете/Бизнес/Создание сайтов
likeua.top; 0; Юмор/Дом/Покупки/Справки/Развлечения/Поиск людей
bb-studio.online; 0; Бизнес/Реклама
mysurxon.uz; 0; Литература/СМИ/Культура/Периодика/Литературные издания
businesskey.io; 0; Юмор/Дом/Покупки/Прочее/Развлечения
fedyashin.ru; 10; Бизнес/Автоматизация бизнеса/Сети и связь/Прочее/Hi-Tech/Системные интеграторы/Деловые услуги
lock-off.ru; 0; Бытовые услуги/Дом/Покупки/Все для офиса/Бытовая техника/Уборка офиса/Бизнес
volyawear.ru; 0; Бытовые услуги/Покупки/Дом/Прочее/Одежда, обувь, аксессуары
natureofbeauty.ru; 0; Дом/Косметика/Мода и красота/Салоны красоты
krayanochka500.ru; 0; Франчайзинг, готовый бизнес/Справки/Бизнес/Интернет-каталоги/Деловые услуги
kcondemo.gearhostpreview.com; 0; Компьютерные курсы/Учёба/Курсы/Дистанционное образование
parsing-shop.ga; 0; Software/Top/Computers/Emulators/Programming
elfwallet.com; 0; Video_Games/Journalism/News/Top/Games/Computers/Programming
elfwallet.com; 0; Video_Games/Journalism/News/Top/Games/Computers/Programming
canape.by; 0; Все для офиса/Производство и поставки/Бизнес/Предметы потребления/Дом/Покупки/Прочее/Мебель и интерьер
nanadev.ru; 0; Зимние виды спорта/Дом/Спорт/Покупки/Продукты и напитки/Экстремальный спорт
enchanting-cowfish.w6.poopy.life; 0; 
www.saharoff.com; 60; Производство и поставки/Бизнес/Мода и красота/Предметы потребления/Дом/Украшения/Бытовые услуги/Покупки
www.soft79.ir; 0; Internet/Shopping/Top/Adult/Computers
tut-love.ru; 10; Спорт/Соревнования/Энциклопедии/Справки/Летние виды спорта
texnogrand.ga; 0; Video_Games/Top/Games/Computers/Programming
khamidullina.ru; 0; Юридические услуги/Бизнес/Деловые услуги
barockgame.ru; 0; Науки/Научно-популярные журналы/Мобильная связь/Программы/Универсальное/Операционные системы/Учёба/Hi-Tech
starcar42.ru; 0; Зимние виды спорта/Спорт/Экстремальный спорт
zwhouse.ru; 10; Дом/Покупки/Компьютеры/Hi-Tech/Интерфейс/Видеомонтаж/Видеокарты
lenasingla.com; 0; Gifts/Shopping/Top
xn--e1afhbv7b.xn----7sbbbg1bblvfeibdxhkrb9b7b4n.xn--p1ai; 0; Юридические услуги/Законы/Законодательство РФ/Бизнес/Общество/Деловые услуги
gleih.ru; 20; Gifts/Shopping/Top
beltissuegroup.com; 0; Прочее/Производство и поставки/Химическая промышленность/Бизнес/Оборудование
brotown54.biz; 0; Операционные системы/Прочее/Hi-Tech/Интерфейс/Программы
relifeco.in; 0; News/Top/Regional/Arts/Online_Writing/Europe/Analysis_and_Opinion
front; 0; Video_Games/Top/Games/Computers/Emulators/Programming
drup.loc; 0; Video_Games/Top/Games/Computers/Emulators/Programming
viera.com.ua; 0; Зимние виды спорта/Спорт/Горные лыжи, сноуборд/Экстремальный спорт
1-bio.ru; 0; Food/Ethnic_and_Regional/Shopping/Top
bux24.ru; 10; Летние виды спорта/Спорт/Соревнования
birki.by; 0; Курьерские службы/Все для офиса/Бизнес/Дом/Покупки/Бытовые услуги/Бытовая техника
branadesign.ru; 0; Hi-Tech/Интернет/Создание сайтов
cbay.com.cy; 0; Top/Business/Automotive/Consumer_Goods_and_Services/Transportation_and_Logistics
beta.cbay.com.cy; 0; Software/Computers/Top/Hardware/Programming
fiddle.jshell.net; 550; 
startlab.pro; 10; Автоматизация бизнеса/Работа/Бизнес/Вакансии и резюме/Деловые услуги
www.europure.net; 0; Интернет-магазины/Запчасти, аксессуары/Автохимия и автокосметика/Автозапчасти/Авто
blog.zaimoteka.online; 0; Финансы/Бизнес/Авто/Автострахование
freework.uz; 0; Работа/Реклама/Hi-Tech/Интернет/Реклама в интернете/Бизнес/Создание сайтов/Временная и удаленная работа
xn----7sbbbuzcltrvgjg3k.xn--p1acf; 0; Hi-Tech/Интернет/Создание сайтов
localhost; 0; Video_Games/Top/Games/Computers/Emulators/Programming
intouchtech.org; 0; 
www.andrewliberman.org; 0; Reference/Top/Arts/Kids_and_Teens/Sports_and_Hobbies/Education
solcaem.es; 0; Top/Arts/Online_Writing/Comics/Crafts
voda-lux.ru; 30; Дом/Покупки/Продукты и напитки/Одежда, обувь, аксессуары/Кулинария/Табак
www.nefeshmedia.nl; 0; 
blog.themarfa.name; 20; Операционные системы/Компьютеры/Hi-Tech/Программы
obmen77.ru; 0; Страхование/Финансы/Бизнес/Банки
www.webin.pro; 0; Дом/Реклама/Производство и поставки/Бизнес/Семья
mazhantech.ir; 0; 
www.cyberempire.org; 0; Professions/Arts_and_Entertainment/Top/Health/Business/Transportation_and_Logistics
xn--80aeinqlodhex.xn--p1ai; 0; Дом/Строительство/Стройматериалы/Бизнес/Квартира и дача
wildexotics.eu; 0; Professions/Arts_and_Entertainment/Top/Health/Business/Transportation_and_Logistics
kristom.ru; 0; Дом/Покупки/Одежда, обувь, аксессуары/Производство и поставки/Бизнес/Предметы потребления
webparallax.cf; 0; Такси и прокат автомобиля/Все для офиса/Справки/Транспорт/Бизнес/Бытовые услуги/Дом/Покупки/Уборка офиса
obmenka.uz; 0; Дом/Покупки/Интернет/Продажа автомобилей/Hi-Tech/Счетчики и рейтинги/Авто
postel.site; 0; Зимние виды спорта/Дом/Покупки/Спорт/Мебель и интерьер/Горные лыжи, сноуборд
balkon.jinmedia.ru; 0; Дом/Строительство/Стройматериалы/Бизнес/Квартира и дача
wifiperm.ru; 0; Работа/Интернет/Работа для студентов/Hi-Tech/Создание сайтов
linkgroh.net; 0; 
snowpanda.ru; 0; Дом/Косметика/Мода и красота/Салоны красоты
veter-stran.ru; 40; Дом/Покупки/Хозтовары, бытовая химия/Подарки/Прочее/Все для праздника
rselling.com; 210; Безопасность/Hi-Tech/Интернет
xn--26-6kcho9advaju.xn--p1ai; 0; Бытовые услуги/Дом/Покупки/Все для офиса/Бытовая техника/Уборка офиса/Бизнес
19tora.com; 0; Спорт/Соревнования/Энциклопедии/Справки/Летние виды спорта
workshop.dsgnline.ru; 0; Учебные материалы/Юмор/Флешмоб/Уроки и тесты онлайн/Учёба/Развлечения/Общество/Власть
surgut.new.phone72.develop; 0; Video_Games/Top/Games/Computers/Emulators/Programming
tyumen.new.phone72.develop; 0; Video_Games/Top/Games/Computers/Programming
itxasmendi.com; 0; 
tyumen.new.phone72.develop; 0; Video_Games/Top/Games/Computers/Programming
bots.via-directa.com; 0; Software/Computers/Top/Hardware/Programming
psdtohtml.uz; 0; 
organisasi.semarangkota.go.id; 0; 
evxeon-wixsite-com.filesusr.com; 0; 
while.su; 0; Зимние виды спорта/Спорт/Горные лыжи, сноуборд/Экстремальный спорт
gorodmodi.loc; 0; Video_Games/Top/Games/Computers/Emulators/Programming
azadikhahi.ir; 0; 
zapahanet21.ru; 0; Продукты и напитки/Производство и поставки/Бизнес/Бытовые услуги/Дом/Покупки/Оборудование
stepler-shop.ru; 0; Универсальное/Все для офиса/Производство и поставки/Бизнес/Предметы потребления/Канцтовары
oficall.xvest.ru; 0; 
iboost.social; 0; Business_Services/Marketing_and_Advertising/Top/Business
rina-kh.com.ua; 0; 
www.nirudi.com; 0; Transportation_and_Logistics/Top/Business/Financial_Services/Management
www.nirudi.com; 0; Transportation_and_Logistics/Top/Business/Financial_Services/Management
social1networks.blogspot.com; 0; 
lexneo.xyz; 0; Дом/Финансы/Бизнес/Аудит, бухучет/Семья
strahovkabg.com; 0; Страхование/Финансы/Автострахование/Небанковское кредитование/Бизнес/Авто
buchenko.com; 0; Универсальное/Работа/Бизнес/Вакансии и резюме/Деловые услуги
city-mobil.ru.com; 0; Дом/Покупки/д расписания и билеты/Туризм/Отдых/Ж/Скидки, дисконтные системы
bglife.su; 10; Туризм/Офшоры/Финансы/Отдых/Бизнес/Визы и паспорта/Иммиграционные услуги/Деловые услуги
bg.eurostrah.com; 0; Туризм/Офшоры/Финансы/Отдых/Бизнес/Визы и паспорта/Иммиграционные услуги/Деловые услуги
dev-postnov.ru; 0; 
fursov.me; 0; 
zapreta.net; 0; Страхование/Финансы/Автострахование/Небанковское кредитование/Бизнес/Авто
itwin.by; 0; Юридические услуги/Бизнес/Деловые услуги
begovel.shop; 0; Велосипеды/Дом/Спорт/Покупки/Спортивные товары/Продукты и напитки/Летние виды спорта
help.gayru.site; 0; Top/Animation/Arts/Online_Writing/Comics
epod.uz; 0; Video_Games/Top/Games/Computers/Emulators/Programming
maximumtravel.com.ua; 0; Авиабилеты и расписания/Отдых/Справки/Авиационный транспорт/Транспорт/Туризм/Туры и экскурсии
luxeva.ru; 0; Прочее/Производство и поставки/Бизнес/Оборудование
www.dez-lux26.ru; 0; Бытовые услуги/Дом/Покупки
barber-house.ru; 0; 
power.uz; 0; Video_Games/Top/Games/Computers/Emulators/Programming
cargomarket.online; 0; Hi-Tech/Интернет/Финансы/Бизнес/Электронная почта
spb.kupeteka.ru; 0; Все для офиса/Бизнес/Квартира и дача/Бытовые услуги/Дом/Покупки/Ремонт/Уборка офиса
axbox.ru; 0; 
participe.live; 0; 
www.alambresyrefuerzos.com; 0; 
www.factor.mx; 0; 
eskoot.co.uk; 0; 
mrsecurity.nl; 0; 
kuzov.strit.by; 0; Software/Computers/Top/Hardware/Programming
kadikova.ru; 0; Бизнес, инфраструктура/Защита прав потребителя/Общество/Дом/Покупки/Бытовые услуги/НКО
mynewlevel.ru; 0; Hi-Tech/Интернет/Создание сайтов
happy-card.me; 0; Дом/Театры/Интернет детям/Все для праздника/Культура/Организация праздников/Семья
wolderwijdcup.nl; 0; 
configuratot.info; 0; Работа/Реклама/Производство и поставки/Работа для студентов/Бизнес
juice.fruit.tilda.ws; 0; 
zhar-ptica-studio.ru; 0; Культура/Отдых/Хобби/Фотостудии и агентства/Фотография
omega.zp.ua; 10; Работа/Кадровые агентства/Временная и удаленная работа
ratinsky.com; 0; Юмор/Бизнес/Прочее/Науки/Учёба/Развлечения/Гуманитарные науки
lipcev.ru; 0; Реклама/Интернет/Бизнес/Реклама в интернете/Hi-Tech/Создание сайтов
www.angolenko.com; 0; 
m.humorim.ga; 0; 
js.do; 10; Top/Programming/Computers/Software
topotzyvy.ru; 10; Дом/Спорт/Здоровый образ жизни/Спортивные товары/Мода и красота/Здоровье
topotzyvy.ru; 10; Дом/Спорт/Здоровый образ жизни/Спортивные товары/Мода и красота/Здоровье
citymobil-taxi.ru; 0; Продажа автомобилей/Платежные системы/Бизнес/Авто/Небанковское кредитование/Японские авто/Финансы
city-mobil.site; 0; 
only-you-spb.ru; 20; Дом/Мода и красота/Салоны красоты
topmaster.online; 0; Дом/Реклама/Универсальное/Рекламные услуги/Бизнес/Мода и красота
1681684957-jotspot-embeds.googleusercontent.com; 0; 
miass-job.ru; 10; 
lm.company-lp.com; 0; 
company-lp.com; 0; Юмор/Учебные материалы/Автострахование/Уроки и тесты онлайн/Учёба/Развлечения/Авто
glaze-shop.ru; 0; Дом/Спорт/Покупки/Отдых/Хобби/Спортивная одежда, обувь/Спортивные товары/Прочее
ih937z9n.plp7.ru; 0; Software/Computers/Top/Hardware/Programming
it-click.ru; 20; Сети и связь/Прочее/Бизнес/Hi-Tech/Деловые услуги
shop.wowsugar.ru; 0; Дом/Парфюмерия/Косметика/Мода и красота
proffacade.ru; 0; Дом/Квартира и дача/Стройматериалы
zehnderbel.by; 0; Дом/Квартира и дача/Строительство/Производство и поставки/Бизнес/Инженерные системы/Оборудование
lavrynenko.com; 0; Реклама/Соревнования/Спорт/Бизнес
websun-com.ru; 10; Интернет/Справки/Hi-Tech/Поиск людей/Создание сайтов
cafejavani.ir; 0; 
socialplan.agency; 0; Интернет/Бизнес/Бытовые услуги/Реклама/Дом/Покупки/Реклама в интернете/Hi-Tech/Создание сайтов
www.expo.guru; 0; 
zzapusk.ru; 0; Дом/Покупки
yorsh.agency; 0; Дом/Знакомства/Брачные агентства/Развлечения/Семья
yorsh.agency; 0; Дом/Знакомства/Брачные агентства/Развлечения/Семья
test1.ru; 0; Computers/Top/Programming
dostoino.com; 0; Все для офиса/Компьютеры/Бизнес/Дом/Покупки/Ремонт/Бытовая техника/Уборка офиса/Hi-Tech
na41km.ru; 0; Дом/Квартира и дача/Стройматериалы
aroma.pl.ua; 0; Бытовые услуги/Дом/Покупки/Все для офиса/Бытовая техника/Уборка офиса/Бизнес
www.rainierwatch.com; 0; Movies/Arts/Top
otoplenie.website; 0; 
landing1.t9645929752.6e7oz.landing.myjino.ru; 0; Software/Computers/Top/Hardware/Programming
free-binary-options-signals.com; 0; 
free-options-signals.com; 0; Personal_Finance/Top/Business/Home/Financial_Services/Recreation/Travel
gidlocal.ru; 0; Investing/Top/Business/Financial_Services
abvprint.ru; 20; Дом/Реклама/Покупки/Бизнес/Прочее/Одежда, обувь, аксессуары/Развлечения/Эротика
youchange.money; 0; Интернет/Автопресса/Продажа автомобилей/Hi-Tech/Счетчики и рейтинги/Авто
powerbank.discountbest.ru; 0; Дом/Покупки/Прочее/Общество/Власть
proestetika.ru; 0; Зимние виды спорта/Дом/Спорт/Парфюмерия/Мода и красота/Экстремальный спорт
blog.biznesnaamazon.ru; 0; Юмор/Справки/Автострахование/Развлечения/Поиск людей/Авто
browser2018.site; 0; Internet/Top/Computers/Programming
infoslide.ru; 0; Сети и связь/Прочее/Интернет/Hi-Tech/Хостинги
38e28a2c-d3b1-4f17-907e-12f07b928dbf.htmlcomponentservice.com; 0; 
shop.jonnesway.ru; 10; Инструменты/Строительство/Производство и поставки/Бизнес/Строительное оборудование/Дом/Покупки/Оборудование
rumihome.ru; 0; Hi-Tech/Планшеты/Компьютеры/Мобильная связь/Мобильные телефоны
granwin.com.ua; 0; 
tovaro.ga; 0; Video_Games/Top/Games/Computers/Programming
godofree.xyz; 0; Internet/Shopping/Top/Adult/Computers
beleeffkunde.nl; 0; Collecting/Trains_and_Railroads/Top/Visual_Arts/Arts/Recreation
bayi.sysmond.com.tr; 0; 
adeslasorotava.es; 0; 
online-kassa-perm.ru; 0; Video_Games/Top/Games/Computers/Emulators/Programming
dis-com.ru; 10; 
nueva.carlosboti.com; 0; 
toyphone.ru; 0; Юридические услуги/Законы/Бизнес/Общество/Деловые услуги
taklogo.ir; 0; 
www.terashop.uz; 0; Мобильная связь/Компьютеры/Ноутбуки/Hi-Tech/Мониторы/Мобильные телефоны
www.decidex.pro; 0; 
sa12.org; 0; 
doks24.com; 0; Прочее/Учёба/Авто/Подготовка водителей/Автошколы
pribortech.ru; 0; Строительное оборудование/Бизнес/Строительство
coffee2go.online; 0; Интернет/Программы ТВ/Справки/Hi-Tech/Создание сайтов
kazahstan.bedarm.ru; 0; Computers/Top/Programming
krasnodar.bedarm.ru; 0; Интернет-магазины/Запчасти, аксессуары/Авто/Дом/Покупки/Продажа предметов искусства/Мебель и интерьер/Изобразительные искусства/Культура
arcanite.ru; 20; Базы данных/Интернет/Hi-Tech/Хостинги/Программы
best-code.ru; 0; Спорт/Соревнования/Энциклопедии/Справки
www.motovilin.ru; 0; 
dostoino.com; 0; Все для офиса/Компьютеры/Бизнес/Дом/Покупки/Ремонт/Бытовая техника/Уборка офиса/Hi-Tech
my.edu.uz; 0; 
avtoassist.ru; 0; Японские авто/Автопресса/Продажа автомобилей/Авто
fastcoder.zzz.com.ua; 0; Интернет/Доступ в интернет/Hi-Tech/Хостинги
mreload.net; 0; 
ziima.ru; 0; 
applego.sdemo.eu; 0; Software/Computers/Top/Hardware/Programming
tasnet.uz; 0; Софт/Интернет/Прочее/Hi-Tech/Хостинги/Программы
api.filimz.com; 0; Софт/Интернет/Прочее/Hi-Tech/Хостинги/Программы
project758874.tilda.ws; 0; Бытовые услуги/Дом/Покупки
www.artbirthday.ru; 0; Звукозапись, продюсеры, агентства/Музыка/Дом/Фейерверки/Все для праздника/Культура/Организация праздников
danielzon.nl; 0; Classical_Studies/Crime/Top/Arts/People/Society
etos-sb.ru; 0; Строительство/Производство и поставки/Бизнес/Инженерные системы/Электроника и электротехника
webemot.com; 0; Реклама/Интернет/Бизнес/Реклама в интернете/Hi-Tech/Создание сайтов
malinovskyi.com; 0; Бизнес/Спорт/Реклама/Производство и поставки
seedbox.ch; 0; Internet/Business_Services/Data_Communications/Top/Business/Computers
malindihub.com; 0; Бизнес/Спорт/Реклама/Производство и поставки
realfc.uz; 0; Спорт/Соревнования/Евро-2016/Футбол/Хоккей
meblowe.by; 0; 
park-dostavka.ru; 0; Дом/Покупки/Суши и пицца/Продукты и напитки/Кулинария/Доставка еды
radislawgandapas.ru; 0; Учебные материалы/Универсальное/Уроки и тесты онлайн/Науки/Учёба/Гуманитарные науки
kirpich-centr.com; 0; Дом/Квартира и дача/Строительство/Бизнес/Стройматериалы
drclubs.ir; 0; 
grill; 0; Video_Games/Top/Games/Computers/Programming
haipulsa.com; 0; 
www.criswolfarts.com; 0; Top/Programming/Computers/Emulators/Software
lp210513.myflexbe.com; 0; Software/Computers/Top/Hardware/Programming
lamzak-moscow.website; 0; Юмор/Дом/Покупки/Прочее/Развлечения
aftabtaban.ir; 0; 
mrbeta-test.000webhostapp.com; 0; Top/Regional/Europe/Asia/Polar_Regions
japonavto.loc; 0; Video_Games/Top/Games/Computers/Emulators/Programming
rasthai.rasthakj.beget.tech; 0; 
nexuscinema.ru; 0; 
www.dsawater.ir; 0; 
fauzi.netlify.com; 0; 
townhouse-ua.com; 0; Недвижимость/Жилищное строительство/Недвижимость от застройщиков/Строительство/Бизнес/Загородная недвижимость
polezniysmm.ru; 0; Computers/Top/Programming
powermine.ru; 0; 
yoyaoriginal.ru; 0; 
scudee.ru; 0; 
woodbro.ru; 10; 
deus.net.ua; 10; 
mybb.group; 0; 
yoyaoriginal.ru; 0; 
vmtrust.com; 0; 
sale.yugohod.ru; 0; 
limo.uz; 0; 
neverclever.ru; 0; 
damarco.com.ua; 0; 
gunfu.ru; 0; 
konteyner-tems.uz; 0; Бытовые услуги/Дом/Покупки/Все для офиса/Уборка офиса/Бизнес
medicpharm.plp7.ru; 0; 
www.toysdirect.ru; 0; Top/Programming/Computers/Emulators/Software
nueva.profesionalesseguros.com; 0; 
os-59.ru; 0; Все для офиса/Бизнес/Бытовые услуги/Дом/Покупки/Бытовая техника/Уборка офиса
option-jp.loc; 0; Computers/Top/Programming
aptekavamerike.com; 10; Курьерские службы/Все для офиса/Бизнес/Лекарства и товары для здоровья/Дом/Бытовые услуги/Покупки/Здоровье
aptekamax.com; 10; Дом/Спортивное питание/Спорт/Спортивные товары/Здоровье/Народная и нетрадиционная медицина
taplink.ru; 0; Интернет/Справки/Хостинги/Hi-Tech/Поиск людей/Создание сайтов
septik.ths53.ru; 0; Дом/Квартира и дача/Строительство/Бизнес/Инженерные системы
seo64.ru; 10; Дом/Знакомства/Автострахование/Брачные агентства/Развлечения/Авто/Семья
g-fast.ru; 0; 
www.sysproject.net; 0; 
www.citycoco-russia.com; 0; Video_Games/Top/Games/Computers/Emulators/Programming
iutmnt.ir; 0; 
advokat-mudarisov.ru; 0; Дом/Покупки/Защита прав потребителя/Общество/НКО
atidaam.com; 0; 
www.uteplimdom.by; 0; Дом/Ремонт/Строительство/Стройматериалы/Бизнес/Квартира и дача
xn--80acg2caefs.xn--p1ai; 0; Автоматизация бизнеса/Бытовые услуги/Организация электронной торговли/Дом/Покупки/Бизнес/Деловые услуги
preview-editor.hostgator.com; 0; Internet/Top/Business/Construction_and_Maintenance/Computers
assistance.ddns.net; 0; 
alfacareer.ru; 0; Рынок валют (Forex)/Финансы/Платежные системы/Бизнес
webdeexito.es; 0; 
774eb7e4-adad-41ec-8242-fa0452574a7c.htmlcomponentservice.com; 0; 
slava-90.github.io; 0; Универсальное/Спорт/Соревнования/Азартные игры/Развлечения/Игры
tonservice.cv.ua; 0; Американские авто/Прочее/Японские авто/Продажа автомобилей/Авто
maestree.ru; 0; Дом/Ландшафтный дизайн/Бытовые услуги/Покупки/Все для офиса/Уборка офиса/Бизнес/Квартира и дача
onepager.site; 0; Hi-Tech/Интернет/Создание сайтов
new.loonars.com; 0; Software/Computers/Top/Hardware/Programming
foryou.open2open.ru; 0; Юмор/Прочее/Науки/Учёба/Развлечения/Гуманитарные науки/Общество/Власть
titan080.tmweb.ru; 0; 
onfrf.ru; 0; Ролевые игры и стратегии/Прочее/Развлечения/Игры
avtodealer25.ru; 0; Американские автомобили/Европейские авто/Американские авто/Продажа автомобилей/Авто/Техническое обслуживание
bitcoinkz.pro; 0; Video_Games/Top/Games/Computers/Programming
billyphillips.teachable.com; 0; 
gisto.com.ua; 0; Дом/Покупки/Бытовые услуги/Одежда, обувь, аксессуары
yollobrh.beget.tech; 0; 
avtobokc.ru; 10; Дом/Знакомства/Прочее/Брачные агентства/Развлечения/Авто/Семья
j859442.myjino.ru; 0; Европейские авто/Американские авто/Прочее/Продажа автомобилей/Авто
indrive.me; 0; Collecting/Top/Visual_Arts/Photography/Arts/Recreation
hpc-tech.com; 0; 
zabkcs.ru; 0; 
denamix.pro; 0; Hi-Tech/Интернет/Хостинги
keymagic.ru; 0; Бытовые услуги/Дом/Ремонт/Программы ТВ/Покупки/Компьютеры/Справки/Hi-Tech
www.mkavir.com; 0; 
rayannegarpars.ir; 0; 
ichess.moodlecloud.com; 0; Auctions/Marketing_and_Advertising/Shopping/Top/Hospitality/Business
project744834.tilda.ws; 0; 
bookmarks.arcticdev.ru; 0; Internet/Shopping/Top/Business/Adult/Telecommunications/Computers
www.googletrust.ir; 0; 
cleverpobeda.ru; 0; Такси и прокат автомобиля/Справки/Транспорт/Дом/Покупки/Бытовые услуги/Бытовая техника
cleverpobeda.ru; 0; Такси и прокат автомобиля/Справки/Транспорт/Дом/Покупки/Бытовые услуги/Бытовая техника
foks-donetsk.com; 0; Дом/Покупки/Фотоаппараты/Культура/Фотография/Аудио-, видео- и фототехника
piyigokm.beget.tech; 0; 
amolith.gitlab.io; 0; Computers/Top/Arts/Comics/Crafts/Programming
www.exdengi.ru; 10; Страхование/Дом/Здоровье/Медицинское страхование/Финансы/Бизнес/Небанковское кредитование
www.exdengi.ru; 10; Страхование/Дом/Здоровье/Медицинское страхование/Финансы/Бизнес/Небанковское кредитование
arpek.ru; 10; Зимние виды спорта/Дом/Спорт/Покупки/Безалкогольные напитки/Продукты и напитки/Кулинария
06971.ulcraft.com; 0; 
holandes.pro.br; 0; 
clevergod.ru; 0; 
xn--80aa2bekbfkf.xn--p1ai; 0; Социальная жизнь/Музеи/Культура/Общество/НКО/Поддержка НКО
magaz.pp.ua; 0; Зимние виды спорта/Интернет-магазины/Спорт/Запчасти, аксессуары/Авто/Экстремальный спорт
pyroil.com.ua; 0; Все для офиса/Бизнес/Бытовые услуги/Дом/Покупки/Бытовая техника/Уборка офиса
clever-mind.ru; 0; Video_Games/Top/Games/Computers/Programming
xn----btbblbb4ai7ahjdktj.xn--p1ai; 0; Прочее/Hi-Tech/Интерфейс/Видеомонтаж
betstrahovka.ru; 0; 
cleversovet.ru; 0; Computers/Top/Programming
www.energoput.ru; 30; Строительство/Бизнес/Инженерные системы/Дом/Покупки/Кондиционеры и обогреватели/Бытовая техника
drshaker.ru; 0; Software/Computers/Top/Hardware/Programming
ferghana.uz; 30; Литература/Универсальное/Культура/Литературные издания
gpswox.ir; 0; Internet/Shopping/Top/Adult/Computers
babinovgroup.ru; 10; Экспедирование и перевозка грузов/Машиностроение/Производство и поставки/Бизнес/Таможенные услуги/Деловые услуги
blog.cloudtrek.com.br; 0; Video_Games/Top/Hacking/Games/Computers/Programming
tim-market.ru; 10; Зимние виды спорта/Спорт/Горные лыжи, сноуборд/Экстремальный спорт
newbiznes.online; 0; Реклама/Интернет/Бизнес/Реклама в интернете/Hi-Tech/Создание сайтов
socialmedia.box; 0; Computers/Top/Programming
konteyner-tems.uz; 0; Бытовые услуги/Дом/Покупки/Все для офиса/Уборка офиса/Бизнес
tmose.ru; 0; Языки программирования/Программы/Дом/Среднее образование/Интернет детям/Семья/Учёба/Hi-Tech/Школьные предметы
flurkzn.ru; 10; Дом/Специализированная медпомощь/Здоровье/Народная и нетрадиционная медицина
monicliq.com; 0; 
we97.ir; 0; 
xn----btbblb1ah3apx.xn--p1ai; 0; 
liaguminy.in.ua; 0; Video_Games/Top/Hacking/Games/Computers/Programming
blitzshop.pro; 0; Дом/Спорт/Энциклопедии/Справки/Летние виды спорта/Семья
spectols.site; 0; Software/Computers/Top/Hardware/Programming
omgisperfect.com; 10; Shopping/Top/Clothing/Business/Consumer_Goods_and_Services
nauka-dsgn.ru; 0; Учебные материалы/Универсальное/Научная периодика/Науки/Учёба/Курсы/Дистанционное образование
xn--80aatddh9adtffd2d8c.xn--80asehdb; 0; Интернет-магазины/Запчасти, аксессуары/Авто
salesanalysers.com; 0; Collecting/Trains_and_Railroads/Top/Visual_Arts/Arts/Recreation
homeinsecurity.ru; 0; Строительство/Бизнес/Квартира и дача/Инженерные системы/Дом/Охранная деятельность/Деловые услуги
xn----htbdjacan1adge2abp3cya9gxc.xn--p1ai; 0; Все для офиса/Бизнес/Дом/Покупки/Бытовые услуги/Бытовая техника/Уборка офиса
labeaute.pro; 0; Дом/Мода и красота/Салоны красоты
balt-him.ru; 70; Video_Games/Top/Hacking/Games/Computers/Programming
hangred.eu; 0; 
freegreen.ru; 0; Гостиницы/Туризм/Прочее/Отдых/Где развлечься/Каникулы
elmatravel.by; 0; Туризм/Отдых/Туры и экскурсии
xn----7sbahcain5bybh2anh1d.kz; 0; Гостиницы/Туризм/Прочее/Отдых/Где развлечься/Каникулы
logistics.pride.biz.ua; 0; Курьерские службы/Все для офиса/Бизнес/Бытовые услуги/Дом/Покупки/Прочее
popravilam.com; 10; Ремонт/Программы ТВ/Компьютеры/Справки/Hi-Tech/Интерфейс
yourchina.uz; 0; Обучение за рубежом/Иностранные языки/Учёба/Курсы
cleverwin.ru; 0; Прочее/Hi-Tech/Интерфейс/Видеомонтаж
www.csgnetwork.com; 40; Internet/Business_Services/Antiques_and_Collectibles/Shopping/Top/Business/Computers
video.levelsweb.ru; 0; 
replacedesign.ru; 0; Дом/Покупки/Бытовая техника/Строительство/Дизайн интерьера/Бизнес/Квартира и дача
replacedesign.ru; 0; Дом/Покупки/Бытовая техника/Строительство/Дизайн интерьера/Бизнес/Квартира и дача
hvhenrriquez.com.ve; 0; Internet/Shopping/Top/Adult/Computers
domrio.ru; 0; Зимние виды спорта/Дом/Украшения/Спорт/Мода и красота/Экстремальный спорт
aura-pos.com; 0; Software/Computers/Top/Hardware/Programming
master--blockshift.netlify.com; 0; 
actionx.info; 0; Movies/Top/Design/Photography/Arts
3541553.oml.ru; 0; Software/Computers/Top/Hardware/Programming
slivaeminfo.ru; 0; Реклама/Работа/Интернет/Бизнес/Реклама в интернете/Работа для IT-специалистов/Hi-Tech/Создание сайтов
teksoft.it; 0; 
stroykasklad.ru; 0; Дом/Квартира и дача/Строительство/Бизнес/Стройматериалы
hgs-exhaustsystems.ru; 0; Подержанные/Японские авто/Американские авто/Продажа автомобилей/Авто
shrishs-air.dlink; 0; Computers/Top/Programming
mir-real.ru; 10; Науки/Развлечения/Прочее/Эзотерика и магия/Непознанное/Гуманитарные науки/Учёба
xn--90abibwgzou.xn--p1ai; 0; Software/Computers/Top/Hardware/Programming
estudiocharro.com; 0; 
www.best-alarms.ru; 0; Интернет-магазины/Hi-Tech/Запчасти, аксессуары/Автонавигаторы/Мобильная связь/Авто/Мобильные телефоны
plenka-sochi.ru; 0; Прочее/Производство и поставки/Химическая промышленность/Бизнес/Оборудование
sarmish.hamshiramalaka.uz; 0; Интернет-магазины/Hi-Tech/Запчасти, аксессуары/Автонавигаторы/Мобильная связь/Авто/Мобильные телефоны
creativecases.kz; 0; Спорт/Соревнования/Энциклопедии/Справки
intercom-crm.ru; 0; Интернет/Сети и связь/Прочее/Hi-Tech/Интерфейс/Хостинги
naturalkor.ru; 0; Дом/Парфюмерия/Косметика/Мода и красота/Салоны красоты
yoshlar.ru; 0; Логические игры/Симуляторы/Игры для девочек/Развлечения/Игры
fuckspeeb.biz; 0; Internet/Top/Programming/Computers/Software
uztea.uz; 0; Top/Arts/Organizations/Society/Philanthropy
customdesign.store; 0; Авто/Интернет/Автострахование/Справки/Hi-Tech/Поиск людей/Создание сайтов
simplexcms.loc; 0; Video_Games/Top/Games/Computers/Emulators/Programming
shop-cosmetic.kz; 10; Дом/Косметика/Мода и красота/Салоны красоты
gardash.com.ua; 10; Дом/Ремонт/Строительство/Дизайн интерьера/Бизнес/Квартира и дача
localhost; 0; Video_Games/Top/Games/Computers/Emulators/Programming
cmssimplex.loc; 0; Video_Games/Top/Games/Computers/Emulators/Programming
landfilm.ru; 0; СМИ/Кино/Культура/Игры/Развлечения
podryad4ik.ru; 10; Недвижимость/Агентства недвижимости/Бизнес/Коммерческая недвижимость
kemerovo.gorprofi.ru; 0; Бытовые услуги/Дом/Покупки/Бытовая техника
loidbarnes.zzz.com.ua; 0; Дом/Покупки/Ремонт/Интернет/Компьютеры/Бытовая техника/Hi-Tech/Создание сайтов
albusvestis.ru; 0; Бытовые услуги/Покупки/Дом/Одежда, обувь, аксессуары/Производство и поставки/Бизнес/Предметы потребления
modx.tk; 0; Newspapers/News/Top/Home/Relationships/Homemaking/Society
www.y-ea.ru; 20; Hi-Tech/Интернет/Создание сайтов
wtolk.ru; 80; Реклама/Интернет/Бизнес/Реклама в интернете/Hi-Tech/Создание сайтов
mydocuments36.ru; 0; Силовые структуры/Законодательная власть/Общество/Исполнительная власть/Власть
transformers-show.ru; 0; Дом/Интернет детям/Семья
allytiago.gitlab.io; 0; 
kakplatyat.ru; 0; Летние виды спорта/Спорт/Соревнования
kakplatyat.ru; 0; Летние виды спорта/Спорт/Соревнования
osago24.online; 0; Юридические услуги/Законы/Законодательство РФ/Бизнес/Общество/Деловые услуги
loya24.ru; 0; Hi-Tech/Интернет/Хостинги
olimpia.by; 0; 
olimpia.by; 0; 
allchoppers.ru; 30; Литература/СМИ/Дом/Радио/Культура/Литературные издания/Семья
bagajnik48; 0; Video_Games/Top/Games/Computers/Emulators/Programming
ico.envienta.com; 0; Investing/Top/Business/Math/Computers/Science/Software
get24.me; 0; 
ico.envienta.com; 0; Investing/Top/Business/Math/Computers/Science/Software
rasamritakunj.ru; 0; Бытовые услуги/Дом/Покупки
localhost; 0; Video_Games/Top/Games/Computers/Emulators/Programming
gnezdo.kiev.ua; 0; Бытовые услуги/Дом/Покупки/Все для офиса/Уборка офиса/Бизнес
forvard-52.ru; 0; 
zaytsev.cz; 0; Internet/Opportunities/Sports/Shopping/Top/Business/Computers
sprayx.ru; 0; Операционные системы/Языки программирования/Hi-Tech/Интерфейс/Программы
copylanding.online; 0; 
xiaomi.alpr.ga; 0; Video_Games/Top/Games/Computers/Emulators/Programming
tonel.net; 0; Дом/Покупки/Негосударственные вузы/Учёба/Высшее образование/Скидки, дисконтные системы
autopayamak.com; 0; Computers/Top/Programming
sex-for.men; 0; Дом/Покупки/Негосударственные вузы/Учёба/Высшее образование/Скидки, дисконтные системы
favoritdach.com; 0; Зимние виды спорта/Спорт/Курьерские службы/Все для офиса/Бизнес/Экстремальный спорт
appjet.com.ua; 0; 
support.fewix.ru; 0; Спорт/Соревнования/Энциклопедии/Справки/Производство и поставки/Бизнес
china-campus.uz; 0; Универсальное/Учёба/Курсы
tutsrost.biz; 0; Top/Programming/Computers/Software
www.comicstreet.ru; 10; Кино/Ролевые игры и стратегии/Продажа фильмов/Культура/Игры/Развлечения
cord-shop.ru; 0; Software/Computers/Top/Hardware/Programming
hello-poland.eu; 0; Business_Services/Marketing_and_Advertising/Top/Business/Customer_Service
hello-poland.eu; 0; Business_Services/Marketing_and_Advertising/Top/Business/Customer_Service
rpkartikle.ru; 0; Полиграфические услуги/Реклама/Производство и поставки/Бизнес/Рекламные услуги/Оборудование/Деловые услуги
xn----8sbxgbgeembwygs.xn--p1ai; 0; Дом/Квартира и дача/Покупки/Кондиционеры и обогреватели/Строительство/Бизнес/Инженерные системы
beriigray.ru; 0; Спорт/Пейнтбол/Развлечения/Экстремальный спорт/Дом/Знакомства/Брачные агентства/Семья
blogforbizadverts.ml; 0; Internet/Shopping/Top/Adult/Computers
takstudio.ir; 0; 
testing.minjust-dnr.ru; 0; Законы/Законодательство по темам/Суды/Общество
zebrapost.es; 0; Software/Top/Computers/Emulators/Programming
artnetpl.ru; 0; Интернет/Доступ в интернет/Hi-Tech/Хостинги
fdu.uz; 10; Литература/Универсальное/Дом/Интернет детям/Культура/Литературные издания/Семья
greatgreenpackaging.com; 0; Publishing_and_Printing/Business_Services/Marketing_and_Advertising/Top/Business
chop-pamir.ru; 0; Юридические услуги/Автоматизация бизнеса/Бизнес/Деловые услуги
rpk-fakel.ru; 0; Бытовые услуги/Дом/Покупки/Все для офиса/Стройматериалы/Бизнес/Уборка офиса/Квартира и дача
zalika.zalpc.info; 0; 
viposago.ru; 0; Top/Arts/Online_Writing/Comics/Crafts
mehajer710.rozblog.com; 0; 
fragaris.store; 0; Top/Arts/Online_Writing/Comics/Crafts
nicollereuter.carstensachse.de; 0; 
marker.olefirov.ru; 0; Дом/Покупки/Бытовые услуги/Бытовая техника
imsticker.ru; 0; СМИ
hangred.eu; 0; 
forum.romaak.ir; 0; 
podrazdelenie-proekt.ru; 0; Бытовые услуги/Дом/Покупки/Все для офиса/Уборка офиса/Бизнес
columbustravel.ru; 0; Универсальное/Туризм/Отдых/Санатории и пансионаты
columbustravel.ru; 0; Универсальное/Туризм/Отдых/Санатории и пансионаты
jst.studio; 0; Internet/Business_Services/Top/Business/Computers
turboclear.me; 0; 
kanonritual.ru; 0; Ислам/Религия/Язычество/Общество
ud02-329.ud02.udmedia.de; 0; Software/Computers/Top/Hardware/Programming
tvoy.vipdohod.info; 0; Software/Computers/Top/Hardware/Programming
fraser-brown-lcn3.squarespace.com; 0; 
pste.eu; 0; Internet/Top/Business/Adult/Computers/Software
urbangardens.ru; 0; Ландшафтный дизайн/Строительство/Бизнес/Квартира и дача/Дом/Дизайн интерьера
tvshop-pro.com.ua; 0; 
www.boosterkar.ir; 0; 
linkoz.ru; 0; Работа/Реклама/Интернет/Бизнес/Работа для студентов/Hi-Tech/Электронная почта
nooran.com; 0; 
narodstory.biz; 0; 
urbangardens.ru; 0; Ландшафтный дизайн/Строительство/Бизнес/Квартира и дача/Дом/Дизайн интерьера
spb1.hosting.reg.ru; 0; Software/Computers/Top/Hardware/Programming
madbrains.tilda.ws; 0; 
pr.testable.ru; 0; Top/Arts/Online_Writing/Comics/Crafts
endylab.ru; 90; Вакансии и резюме/Работа для IT-специалистов/Работа
endylab.ru; 90; Вакансии и резюме/Работа для IT-специалистов/Работа
s600.by; 0; Японские авто/Продажа автомобилей/Тюнинг/Корейские авто/Авто/Техническое обслуживание
alteit.ru; 0; Интернет/Сети и связь/Телефонная связь/Доступ в интернет/Hi-Tech/Хостинги
webmarka.kz; 10; Интернет/Компьютеры/Hi-Tech
vipdohod.info; 0; Реклама/Культура/Hi-Tech/Интернет/Музыка/Бизнес/Скачать музыку
gerixkrd.bget.ru; 0; 
www.wehosted.nl; 0; 
tmnt2008.github.io; 0; 
semtravel.uz; 0; Все для офиса/Бизнес/Дом/Покупки/Бытовые услуги/Бытовая техника/Уборка офиса
a.demo27.ru; 0; Универсальное/Культура/Hi-Tech/Интернет/Создание сайтов/Мобильная связь/Мобильные приложения
siyanie-chistoty.usluga.me; 0; 
solod.group; 0; Производство и поставки/Алкогольные напитки/Бизнес/Кулинария/Пиво/Дом/Агропром
getlikey.ru; 0; Работа/Интернет/Бизнес/Все для офиса/Работа для студентов/Hi-Tech/Создание сайтов
boxfamily.ru; 0; 
digital1india.blogspot.com; 0; Health/North_America/Marketing_and_Advertising/Top/Business/Regional/Nutrition
trrafic.site; 0; Интернет/Бизнес/Бытовые услуги/Реклама/Дом/Покупки/Реклама в интернете/Hi-Tech/Создание сайтов
lensdelivery.com.ua; 0; Дом/Негосударственные вузы/Энциклопедии/Справки/Семья/Учёба/Высшее образование
zakaznorilsk.ru; 0; Сантехника/Дом/Покупки/Мебель и интерьер/Стройматериалы/Квартира и дача
28.imbirchik.store; 0; Дом/Интернет детям/Справки/Все для праздника/Развлечения для детей/Афиша/Семья
investmarketing.ru; 30; Универсальное/Бизнес/Работа/Деловые услуги
25.imbirchik.store; 0; Дом/Реклама/Производство и поставки/Бизнес/Семья
imbirchik.store; 0; 
axestudio.ru; 0; 
www.developmentsurf.com; 0; Video_Games/Top/Games/Computers/Emulators/Programming
diafan.store; 0; 
doremstroi.ru; 0; Дом/Квартира и дача/Ремонт/Ремонт и отделка/Строительство/Бизнес/Стройматериалы
relifeco.in; 0; News/Top/Regional/Arts/Online_Writing/Europe/Analysis_and_Opinion
uzfifa.ru; 0; 
yab.bazium.com; 0; Software/Computers/Top/Hardware/Programming
acidic.co; 0; Weight_Loss/Top/Health
superhomebusiness.blogspot.com; 0; Internet/Accounting/Top/Business/Telecommunications/Computers
cooker.uz; 0; 
www.velan-pack.com; 0; Зимние виды спорта/Спорт/Сноубординг/Горные лыжи, сноуборд/Экстремальный спорт
suomimagazin.ru; 0; Дом/Покупки/Хозтовары, бытовая химия/Прочее/Мода и красота/Салоны красоты
getlikey.site; 0; Marketing_and_Advertising/Top/Business/Telecommunications
shaposhnikova.000webhostapp.com; 0; Производство и поставки/Косметика/Бизнес/Мода и красота/Предметы потребления/Дом/Оборудование
infosystem.qr.uz; 0; 
ersine.com; 0; Базы данных/Звук/Hi-Tech/Интерфейс/Программы
vinokurov-agro.ru; 0; Video_Games/Top/Games/Computers/Emulators/Programming
xvoits.uz; 0; Литература/Культура/Интернет/Hi-Tech/Литературные издания/Аватары
proda.com.ua; 0; Компьютеры/Мобильная связь/Мобильные телефоны/Аудио-, видео- и фототехника/Дом/Покупки/Планшеты/Hi-Tech
nikolaichik.photo; 0; Фотографы/Фотостудии и агентства/Свадьба/Дом/Культура/Фотография/Семья
polock.info; 10; Отдых/Хобби/Историко-архитектурные музеи/Музеи/Среднее образование/Школьные предметы/Учёба/Культура/Военно-исторические клубы
emam-hosein.com; 0; 
domeino.ru; 0; Интернет/Доступ в интернет/Hi-Tech/Хостинги
www.mehr2020.com; 0; 
slotshub.net; 0; Интернет/Доступ в интернет/Hi-Tech/Хостинги
eliseevaolesya.github.io; 0; Top/Health/Religion_and_Spirituality/Alternative/Society
antong8h.beget.tech; 0; 
vsib.ru; 10; 
dispetcher-doma.io.ua; 0; Regional/Business_Services/Top/School_Time/Business/Europe/Kids_and_Teens
rotang.md; 0; Сантехника/Дом/Стройматериалы/Квартира и дача
xn-----ilcgekdbheedzjhng5beks5r.xn--p1ai; 0; Дом/Покупки/Одежда, обувь, аксессуары
ayweb.ru; 0; 
linkgroh.net; 0; 
israelteencenter.com; 0; Computers/Top/Programming
hotel.bspu.by; 0; Гостиницы/Летний активный отдых/Туризм/Отдых/Санатории и пансионаты/Где развлечься
escortvipboy.ru; 0; Дом/Знакомства/Брачные агентства/Развлечения/Семья
socol.com.ua; 0; СМИ/Работа/Радио/Все для офиса/Работа для студентов/Бизнес
tvoiprostor.code-production.uk; 0; Отдых/Где развлечься/Высшее образование/Дом/Покупки/Негосударственные вузы/Универсальное/Учёба/Скидки, дисконтные системы
tvoiprostor.local; 0; Video_Games/Top/Games/Computers/Emulators/Programming
www.arabelite-travel.com; 0; Antiques_and_Collectibles/Shopping/Top/Regional/Africa/Government/Society
web-dizain.vipdohod.info; 0; Hi-Tech/Интернет/Создание сайтов
www.not-it.de; 0; 
polarhouse.com.ua; 10; Дом/Строительство/Стройматериалы/Бизнес/Квартира и дача
myshop-ez76.myinsales.ru; 0; Зимние виды спорта/Спорт/Горные лыжи, сноуборд/Экстремальный спорт
vdele.by; 0; 
gardash-remont.com.ua; 0; Software/Computers/Top/Hardware/Programming
elitkala.com; 0; 
imx.kz; 0; Автолюбители/Американские марки/Тюнинг/Установочные центры/Авто/Техническое обслуживание
www.flexmass.ru; 50; Дом/Универсальное/Рецепты/Кулинария
s.yokoart.com.ua; 0; Software/Computers/Top/Hardware/Programming
ahmetovik.com; 0; 
amrongroup.ru; 0; Software/Computers/Top/Hardware/Programming
alekssl.ru; 0; Работа/Интернет/Работа для студентов/Hi-Tech/Создание сайтов
xn----7sboahbfhwvf4p7a.com; 0; Ландшафтный дизайн/Все для офиса/Бизнес/Квартира и дача/Дом/Бытовые услуги/Покупки/Уборка офиса
bektashkala.com; 0; 
89.imbirchik.store; 0; Дом/Реклама/Производство и поставки/Бизнес/Семья
www.flowerbox13.ru; 0; Дом/Продажа предметов искусства/Доставка цветов/Изобразительные искусства/Все для праздника/Культура
medprofile.life; 0; Сети и связь/Прочее/Устройство сетей/Hi-Tech
breakingbad.biz; 0; Операционные системы/Прочее/Hi-Tech/Интерфейс/Программы
asterias-travel.ru; 0; Сантехника/Дом/Покупки/Мебель и интерьер/Квартира и дача
kind.0811.ru; 0; Software/Computers/Top/Hardware/Programming
keboca.local; 0; Video_Games/Top/Games/Computers/Emulators/Programming
semalt.insaneonedev.com; 0; Computers/Top/Programming
tservice23.ru; 10; Мобильная связь/Компьютеры/Hi-Tech/Мониторы/Мобильные телефоны
areta-flowers.ru; 0; Дом/Покупки/Мебель и интерьер/Продажа предметов искусства/Доставка цветов/Изобразительные искусства/Культура/Все для праздника
flowersmafya.ru; 0; Дом/Покупки/Мебель и интерьер/Продажа предметов искусства/Доставка цветов/Изобразительные искусства/Культура/Все для праздника
flowersmafya.ru; 0; Дом/Покупки/Мебель и интерьер/Продажа предметов искусства/Доставка цветов/Изобразительные искусства/Культура/Все для праздника
euronet.pp.ua; 0; 
xn--247-mddetl2cv.xn--j1amh; 0; Auctions/Shopping/Top/Hospitality/Business/Consumer_Goods_and_Services
samarkandcity.uz; 0; Internet/Shopping/Top/Adult/Computers
www.scaligen.com; 0; Internet/Graphics/Antiques_and_Collectibles/Shopping/Top/Computers
reg.sdelka-online.ru; 0; Автоматизация бизнеса/Юридические услуги/Бизнес/Деловые услуги
spb1.hosting.reg.ru; 0; Software/Computers/Top/Hardware/Programming
spb1.hosting.reg.ru; 0; Software/Computers/Top/Hardware/Programming
oem-soft.biz; 0; Юмор/Hi-Tech/Интерфейс/Видеомонтаж/Развлечения
oem-soft.biz; 0; Юмор/Hi-Tech/Интерфейс/Видеомонтаж/Развлечения
pay.jay2.ru; 0; 
w-servis.ru; 10; Дом/Спорт/Покупки/Прочее/Спортивные товары/Бытовая техника
helpalt.ru; 0; Top/Arts/Online_Writing/Comics/Crafts
fateks.ru; 0; Дом/Покупки/Родителям/Аудио-, видео- и фототехника/Семья
omni-bar.ru; 0; Top/Arts/Online_Writing/Comics/Crafts
ip-5.ru; 10; Ремонт/Интернет/Сети и связь/Компьютеры/Прочее/Hi-Tech
blank.im; 0; Internet/Marketing_and_Advertising/Top/Health/Business/Kids_and_Teens/Computers
123landingpage.com; 0; Интернет/Прочее/Хостинги/Hi-Tech/Интерфейс/Создание сайтов
cyberspecialist.ru; 0; Спорт/Энциклопедии/Справки/Летние виды спорта
serikkov.github.io; 0; Дом/Строительство/Стройматериалы/Бизнес/Квартира и дача
tunduk-hostel.kg; 0; Internet/Oceania/Sports/Equestrian/Top/Regional/Computers
tvoi-format.ru; 0; Реклама/Все для офиса/Уборка офиса/Бизнес/Рекламные услуги/Выставочные стенды
secondhandmotors.ru; 0; Летние виды спорта/Спорт/Соревнования
b-teh.ru; 20; Строительное оборудование/Строительство/Производство и поставки/Бизнес/Металлургия
muthaliblogs.blogspot.com; 0; 
fargonamoi.uz; 0; Software/Computers/Top/Hardware/Programming
www.timespace.studio; 0; Дом/Строительство/Дизайн интерьера/Архитектурное проектирование/Бизнес/Квартира и дача
tujoke.com; 0; Newspapers/Sports/News/Top/Regional/Asia/Motorsports
2018.lovenjoy.art; 0; Video_Games/Top/Games/Computers/Emulators/Programming
xn--80apbaocmgrt3a6b.xn--p1ai; 0; Реклама/Hi-Tech/Бизнес/Интернет/Реклама в интернете/Рекламные услуги/Создание сайтов
tvoiprostor; 0; Video_Games/Top/Games/Computers/Emulators/Programming
topmaster.md; 0; Дом/Квартира и дача/Стройматериалы
proformat.ru; 10; Дом/Квартира и дача/Стройматериалы
goncharnoedelo.ru; 20; Универсальное/Знакомства/Дом/Учёба/Брачные агентства/Развлечения/Семья
agressor.ua; 0; Спорт/Лошади и конный спорт/Летние виды спорта/Спортклубы
m2in.github.io; 0; Юмор/Рассказы и пародии/Изобразительные искусства/Культура/Развлечения/Виртуальные галереи
nerdherdvalley.net; 0; Antiques_and_Collectibles/Textiles_and_Nonwovens/Top/Business/Death/Shopping/Society
ironstudio.beget.tech; 0; 
i.yokoart.com.ua; 0; Бытовые услуги/Дом/Покупки/Производство и поставки/Бизнес/Предметы потребления
paganmedical.com; 0; Professions/Arts_and_Entertainment/Top/Health/Animal/Business
gadanie-taro.info; 0; Video_Games/Top/Games/Computers/Programming
www.pajoheshi.com; 0; 
agressor.ua; 0; Спорт/Лошади и конный спорт/Летние виды спорта/Спортклубы
arendstvo.ru; 0; Юридические услуги/Финансы/Бизнес/Налоги/Аудит, бухучет/Деловые услуги
newworld.kiev.ua; 0; Дом/Квартира и дача/Строительство/Бизнес/Стройматериалы
macbook-pro-de-albin.local; 0; Top/Computers/Emulators/Programming
xn--80ahe1ace9abi2f.xn--e1adele.xn--p1acf; 0; Family/News_and_Media/Top/Business/Home
saurally.com; 0; Construction_and_Maintenance/Top/Business
www.kadinashop.com; 0; Auctions/Shopping/Top/Clothing/Business/Consumer_Goods_and_Services
www.irannewsha.com; 0; 
42b5710d-6d8c-4568-9e92-b66761bd37ea.htmlcomponentservice.com; 0; 
lp.chatt-bot.ru; 0; 
team3.global; 0; 
videoregister.pixelset.ru; 0; Зимние виды спорта/Спорт/Горные лыжи, сноуборд/Экстремальный спорт
hedgeblock.co; 0; Business_Services/Top/Business/Retail_Trade/Customer_Service
www.autoplastika.ru; 10; Американские автомобили/Продажа автомобилей/Тюнинг/Корейские авто/Авто/Техническое обслуживание
osauda.kz; 0; Адреса и телефоны/СМИ/Прочее/Справки/Поиск людей
www.tgju.org; 0; Американские автомобили/Продажа автомобилей/Тюнинг/Корейские авто/Авто/Техническое обслуживание
xn--b1afbqmw2d.xn--p1ai; 0; Бытовые услуги/Покупки/Дом/Все для офиса/Бытовая техника/Бизнес/Оргтехника
alexrvo.kirovedu.com; 0; 
kanistrabar.online; 0; Дом/Семья
well-gl.ru; 0; Top/Arts/Online_Writing/Comics/Crafts
master.wonderful-meitner-285e5f.netlify.com; 0; 
iphone.ru.com; 0; Зимние виды спорта/Интернет-магазины/Спорт/Запчасти, аксессуары/Авто/Экстремальный спорт
nloyt.com; 0; Ремонт/Интернет/Компьютеры/Доступ в интернет/Hi-Tech
woof-woof.ru; 0; Спорт/Энциклопедии/Справки/Летние виды спорта
bizneskey.beget.tech; 0; Top/Hacking/Computers/Programming
mserega.olexandrivka.info; 0; Литература/Интеллектуальные игры/Европейские авто/Спорт/Продажа автомобилей/Культура/Литературные издания/Авто
cryptoexpert24.ru; 0; 
molokoshops.ru; 0; 
pitgrill.ru; 0; Дом/Покупки/Продукты и напитки
bookthetech.com; 0; Top/Programming/Computers/Emulators/Software
elementdesign.net; 0; Video_Games/Top/Games/Computers/Programming
spf.kz; 0; Отдых/Справки/Афиша/Где развлечься/Дом/Справочники ресторанов и баров/Все для праздника/Организация праздников/Рестораны и бары
bitcoinkz.pro; 0; Video_Games/Top/Games/Computers/Programming
dunic.uz; 0; Все для офиса/Бизнес/Выставочные стенды/Бытовые услуги/Дом/Покупки/Реклама/Уборка офиса
test.dunic.uz; 0; Все для офиса/Производство и поставки/Бизнес/Бытовые услуги/Дом/Покупки/Прочее/Уборка офиса
sifat-2016.tj; 0; Top/Programming/Computers/Emulators/Software
transit.carrd.co; 0; 
al-uskamani.blogspot.com; 0; Непознанное/Ислам/Развлечения/Религия/Язычество/Общество
www.onlinehtmleditor.net; 10; 
gestaodeprojetos.com.br; 0; 
adres.vip; 0; Недвижимость/Недвижимость от застройщиков/Агентства недвижимости/Бизнес/Загородная недвижимость
www.pablojazz.com; 0; 
salamzaban.com; 0; 
itali.shop; 0; Спорт/Энциклопедии/Справки/Летние виды спорта
admapper.ru; 0; Бизнес/Реклама
wilda.me; 0; Data_Formats/Recreation/Top/Travel/Computers/Software
box86.ru; 0; Дом/Универсальное
bestart.uz; 0; Все для офиса/Бизнес/Бытовые услуги/Дом/Покупки/Бытовая техника/Уборка офиса
viraprof.ru; 0; Computers/Top/Programming
bestart.uz; 0; Все для офиса/Бизнес/Бытовые услуги/Дом/Покупки/Бытовая техника/Уборка офиса
ntvplusdv.ru; 0; Hi-Tech/Музыка/Мобильная связь/Телевидение/СМИ/Программы ТВ/Мелодии и логотипы/Культура/Скачать музыку
mersi.file24.ir; 0; 
developing.uz; 0; Oceania/Graphics/Kids_and_Teens/Top/School_Time/Regional/Computers
davayiskay.ru; 0; 
davayiskay.ru; 0; 
www.miguelangelochoa.com; 0; Graphic_Design/Top/Business/Arts/Illustration/Construction_and_Maintenance
one.tvertoyb.beget.tech; 0; Оргтехника/Бизнес/Все для офиса/Развлечения/Эротика/Секс-шопы
www.runhybris.com; 0; Employment/Top/Business/Telecommunications/Transportation_and_Logistics
reactstudio.ru; 10; 
reklama.loc; 0; 
novostroyki.ml; 0; 
xn--80apffgoe0ag.xn--p1ai; 0; 
psppi.ft.ugm.ac.id; 0; 
textile-cart.ru; 0; 
2d5371d9-2398-4927-8df0-b8cd35b1255f.htmlcomponentservice.com; 0; 
freepixel.com.ua; 0; 
www.aquanova.com.ua; 10; 
investoznanie.ru; 0; 
finshkola.club; 0; 
cash-machine.space; 0; 
likbezpro.info; 0; 
masterhub4x4.ru; 0; 
farbadruk.com.ua; 0; 
fb7919f9.bget.ru; 0; 
hottek.ru; 0; 
santalino.ru; 0; 
fdu.uz; 10; 
chemistry.loc; 0; 
reklama.loc; 0; 
xn--c1ablbxj.xn--80aswg; 10; 
sale.xn--80aai4ahh7b.net; 0; 
zabor.i-mart.by; 0; 
htmledit.squarefree.com; 10; 
ant-ferma-ua.ru; 0; 
svetset.ru; 40; 
originalmoney.club; 0; 
portal-vl.ru; 0; 
evakuator99.ru; 0; 
fdu.uz; 10; 
gineya-auto.ru; 0; 
azch.ru; 0; 
cryptomaker.team; 0; 
fdu.uz; 10; 
byrostov.ru; 0; 
cp.pupi-boy.ru; 0; 
gruzchiki-tolyatti.ru; 0; 
project654064.tilda.ws; 0; 
xn----8sbcjugi4axf2a.xn--p1ai; 0; 
elitkala.com; 0; 
victorias-secret-krsk.ru; 0; 
tutbot.ru; 0; 
luxmod.com.ua; 0; 
krcontrol.ru; 0; 
vipp.by; 0; 
www.andishmandgroup.com; 0; 
modnashtora.com; 0; 
www.pohjanmaan.by; 10; 
billiards.davayigrat.ru; 0; 
ivashenko.github.io; 0; 
ledmarket.store; 0; 
force.place; 0; 
granit.gradar.pw; 0; 
syhrob.ru; 0; 
horeca-uzbekistan.uz; 0; 
w0000.ru; 0; 
goodfairy.ru; 0; 
newideastudio.ru; 0; 
batikschool.com; 10; 
coinwars.club; 0; 
www.abba1.org; 0; 
www.stranaplus.ru; 40; 
3dboard.shopclub.in.ua; 0; 
www.jostojoo.co.uk; 0; 
wowshop.org; 0; 
tmd-design.ru; 10; 
premfire.ru; 0; 
sandia.studio; 0; 
turbolearning.co.uk; 0; 
www.kristabikkel.nl; 0; 
deepmine.me; 0; 
bitcoinkz.pro; 0; 
landing-web.by; 0; 
laz.by; 10; 
ga-part.ru; 0; 
nlcrimea.com; 0; 
cabinetix.xyz; 0; 
3mstudio.com.ua; 10; 
ifitcoach.ru; 0; 
stpp.sumy.ua; 20; 
vladbondarenko.me; 0; 
molokovozoff.ru; 0; 
xn----ptbqdceeld.xn--j1amh; 0; 
ecommerce.test.zero11.net; 0; 
gold-driver.pro; 0; 
www.nochemicals.us; 0; 
onlineincomeopps.com; 0; 
automaticearningbiz.ml; 0; 
ultimatebizconnection.ml; 0; 
ultimatebizconnection.ml; 0; 
infomobile24.ru; 0; 
www.timofe.ru; 10; 
easysmoke.store; 0; 
leksay.pro; 0; 
musinbros.ru; 10; 
